slice,arm,n_queries,p_at_1,p_at_3,p_at_5,p_at_10,mrr,ndcg,coverage_at_k,relevant_hit_rate,certified_hit_at_k,curated_miss_recovery,seed_only_useful_recovery,good_hit_burial_count,relevant_lost_vs_curated_rate,generic_pollution_rate,duplicate_cluster_pollution_rate
all,A_curated_default,2471,0.728,0.6891,0.6854,0.6686,0.817,0.8496,0.6131,0.9676,0.8915,,,,,0.0354,0.0209
all,B_naive_full,2471,0.6682,0.6506,0.6373,0.6193,0.7671,0.8109,0.5509,0.9514,0.8555,0.15,0.0,1952,0.021,0.0403,0.0181
all,C_weighted_diversity_full,2471,0.7637,0.7252,0.7101,0.6853,0.8456,0.8689,0.6047,0.9781,0.9474,0.4125,0.0,1680,0.0028,0.0104,0.0097
all,C_certified_only,2471,0.7746,0.7592,0.7527,0.7291,0.8543,0.8789,0.5756,0.9745,0.9745,0.5625,0.0,2022,0.0113,0.0,0.0067
all,C_no_generic,2471,0.7633,0.7338,0.7173,0.6903,0.8484,0.8716,0.6044,0.9786,0.9478,0.4125,0.0,1690,0.0024,0.0,0.0097
saturated_400,A_curated_default,400,0.7075,0.655,0.6265,0.6028,0.791,0.8146,0.6488,0.935,0.8225,,,,,0.032,0.0303
saturated_400,B_naive_full,400,0.6925,0.67,0.64,0.6145,0.7768,0.8006,0.6078,0.9125,0.7825,0.2308,0.0,280,0.0375,0.041,0.0213
saturated_400,C_weighted_diversity_full,400,0.7075,0.685,0.669,0.6253,0.7935,0.8179,0.6393,0.93,0.8725,0.1538,0.0,250,0.015,0.0058,0.0111
saturated_400,C_certified_only,400,0.7075,0.69,0.6705,0.6333,0.7842,0.8016,0.6055,0.9,0.9,0.2308,0.0,306,0.05,0.0,0.005
saturated_400,C_no_generic,400,0.71,0.685,0.668,0.6255,0.795,0.8188,0.6359,0.9325,0.8725,0.1538,0.0,252,0.0125,0.0,0.0113
general_precision,A_curated_default,1799,1.0,0.8353,0.7971,0.7502,1.0,0.9539,0.6498,1.0,0.9394,,,,,0.0219,0.0211
general_precision,B_naive_full,1799,0.8527,0.7841,0.7516,0.7129,0.9065,0.907,0.6001,0.9911,0.9133,0.0,0.0,1504,0.0089,0.0277,0.0169
general_precision,C_weighted_diversity_full,1799,0.9377,0.847,0.8106,0.7604,0.9646,0.9451,0.6431,0.9994,0.9717,0.0,0.0,1262,0.0006,0.0057,0.01
general_precision,C_certified_only,1799,0.9044,0.8356,0.8217,0.7893,0.9385,0.9311,0.6008,0.9917,0.9917,0.0,0.0,1510,0.0083,0.0,0.0073
general_precision,C_no_generic,1799,0.9355,0.8471,0.8122,0.7622,0.9632,0.9447,0.6422,0.9994,0.9722,0.0,0.0,1272,0.0006,0.0,0.0101
curated_miss,A_curated_default,80,0.0,0.0,0.0,0.0,0.0,0.0,0.0,0.0,0.0,,,,,0.0737,0.0386
curated_miss,B_naive_full,80,0.0375,0.0375,0.035,0.0375,0.0636,0.0893,0.0585,0.15,0.075,0.15,0.0,0,0.0,0.0825,0.0236
curated_miss,C_weighted_diversity_full,80,0.05,0.075,0.0825,0.08,0.1342,0.2092,0.1476,0.4125,0.3625,0.4125,0.0,0,0.0,0.0075,0.0153
curated_miss,C_certified_only,80,0.05,0.1375,0.1625,0.1675,0.1943,0.3096,0.2465,0.5625,0.5625,0.5625,0.0,0,0.0,0.0,0.0078
curated_miss,C_no_generic,80,0.05,0.075,0.0825,0.0812,0.1345,0.21,0.1476,0.4125,0.3625,0.4125,0.0,0,0.0,0.0,0.0153
curated_low_confidence,A_curated_default,985,0.399,0.535,0.5643,0.5863,0.6222,0.7678,0.6436,1.0,0.8934,,,,,0.0569,0.0265
curated_low_confidence,B_naive_full,985,0.4558,0.5039,0.5127,0.5192,0.6213,0.7286,0.5471,0.9584,0.8193,0.0,0.0,755,0.0416,0.0613,0.0253
curated_low_confidence,C_weighted_diversity_full,985,0.5655,0.6091,0.612,0.6153,0.7297,0.813,0.6219,0.9939,0.9624,0.0,0.0,700,0.0061,0.0176,0.0101
curated_low_confidence,C_certified_only,985,0.6467,0.7056,0.6932,0.6717,0.7885,0.8522,0.6076,0.9858,0.9858,0.0,0.0,853,0.0142,0.0,0.0049
curated_low_confidence,C_no_generic,985,0.5685,0.6298,0.6264,0.624,0.739,0.8203,0.6207,0.9949,0.9624,0.0,0.0,706,0.0051,0.0,0.0102
generic_pollution_adversarial,A_curated_default,12,0.0833,0.0278,0.0167,0.0167,0.0926,0.1084,0.0833,0.1667,0.1667,,,,,0.075,0.0574
generic_pollution_adversarial,B_naive_full,12,0.0,0.0278,0.0667,0.0583,0.0579,0.1177,0.1667,0.25,0.25,0.1,0.0,0,0.0,0.0917,0.0426
generic_pollution_adversarial,C_weighted_diversity_full,12,0.0833,0.1111,0.1167,0.075,0.1354,0.1629,0.1667,0.25,0.25,0.1,0.0,0,0.0,0.0083,0.0315
generic_pollution_adversarial,C_certified_only,12,0.0833,0.1111,0.1333,0.0833,0.1417,0.1718,0.1667,0.25,0.25,0.1,0.0,0,0.0,0.0,0.013
generic_pollution_adversarial,C_no_generic,12,0.0833,0.1111,0.1167,0.075,0.1354,0.1629,0.1667,0.25,0.25,0.1,0.0,0,0.0,0.0,0.0315
standards,A_curated_default,10,0.9,0.7333,0.66,0.57,0.9,0.8332,0.7167,0.9,0.9,,,,,0.0,0.0467
standards,B_naive_full,10,0.9,0.7333,0.76,0.76,0.9167,0.9141,0.7333,1.0,0.7,1.0,0.0,8,0.0,0.0,0.1133
standards,C_weighted_diversity_full,10,0.8,0.8333,0.76,0.65,0.8833,0.9088,0.8,1.0,1.0,1.0,0.0,5,0.0,0.0,0.0356
standards,C_certified_only,10,0.8,0.7,0.62,0.57,0.8833,0.88,0.7667,1.0,1.0,1.0,0.0,8,0.0,0.0,0.0089
standards,C_no_generic,10,0.8,0.8333,0.76,0.65,0.8833,0.9088,0.8,1.0,1.0,1.0,0.0,5,0.0,0.0,0.0356
geography,A_curated_default,10,0.4,0.4333,0.48,0.42,0.55,0.6529,0.4667,0.8,0.6,,,,,0.04,0.0244
geography,B_naive_full,10,0.3,0.4333,0.46,0.43,0.525,0.6158,0.5333,0.8,0.6,0.0,0.0,3,0.0,0.03,0.02
geography,C_weighted_diversity_full,10,0.5,0.5,0.52,0.46,0.625,0.6674,0.6,0.8,0.7,0.0,0.0,3,0.0,0.02,0.0178
geography,C_certified_only,10,0.7,0.5667,0.5,0.39,0.7,0.6781,0.5,0.7,0.7,0.0,0.0,7,0.1,0.0,0.0022
geography,C_no_generic,10,0.5,0.5,0.52,0.46,0.625,0.6677,0.6,0.8,0.7,0.0,0.0,3,0.0,0.0,0.0178
persona,A_curated_default,10,0.4,0.4333,0.48,0.54,0.5433,0.6979,0.7667,1.0,1.0,,,,,0.0,0.0911
persona,B_naive_full,10,0.2,0.4667,0.5,0.46,0.4917,0.6938,0.7333,1.0,0.8,0.0,0.0,7,0.0,0.01,0.0267
persona,C_weighted_diversity_full,10,0.6,0.5667,0.58,0.55,0.7583,0.8055,0.7667,1.0,1.0,0.0,0.0,5,0.0,0.0,0.04
persona,C_certified_only,10,0.8,0.8,0.74,0.64,0.8833,0.8945,0.7667,1.0,1.0,0.0,0.0,7,0.0,0.0,0.0367
persona,C_no_generic,10,0.6,0.5667,0.58,0.55,0.7583,0.8055,0.7667,1.0,1.0,0.0,0.0,5,0.0,0.0,0.04
process,A_curated_default,10,0.7,0.7,0.62,0.52,0.8167,0.8546,0.7667,1.0,0.9,,,,,0.01,0.0067
process,B_naive_full,10,0.4,0.6,0.56,0.6,0.6533,0.8055,0.8,1.0,0.9,0.0,0.0,5,0.0,0.01,0.0133
process,C_weighted_diversity_full,10,0.8,0.7,0.6,0.55,0.8667,0.8515,0.8,1.0,1.0,0.0,0.0,6,0.0,0.0,0.0044
process,C_certified_only,10,0.8,0.6333,0.54,0.59,0.87,0.8396,0.8,1.0,1.0,0.0,0.0,8,0.0,0.0,0.0022
process,C_no_generic,10,0.8,0.7,0.6,0.55,0.8667,0.8515,0.8,1.0,1.0,0.0,0.0,6,0.0,0.0,0.0044
